parameters_m,tokens_b,base_macro10_acc,hq_macro10_acc,gap_macro10_acc_pp,base_macro10_acc_norm,hq_macro10_acc_norm,gap_macro10_acc_norm_pp,base_original_macro4_acc,hq_original_macro4_acc,gap_original_macro4_acc_pp,hq_task_wins_raw,hq_task_ties_raw
56,1.049,0.34917714337747324,0.35832227732701655,0.9145133949543279,0.3642188098511564,0.37039580910461234,0.6176999253455945,0.35945709343322485,0.37279530684089857,1.3338213407673778,6,0
56,2.097,0.37113181043115295,0.37851821288942566,0.7386402458272643,0.38094783212438815,0.38398733577842953,0.3039503654041309,0.37671962855007257,0.3868005684530781,1.0080939903005501,7,0
56,3.146,0.3723966085181484,0.3841742266895197,1.177761817137139,0.38797896750104427,0.3893930750882721,0.14141075872277914,0.378902375568098,0.39344472863384394,1.454235306574593,7,0
56,4.194,0.378824192268469,0.3863714917218426,0.7547299453373633,0.38785127471278136,0.3940066326334385,0.6155357920657056,0.38526612929703385,0.4025160427906688,1.7249913493634903,6,0
56,5.243,0.3769830233550867,0.39161648674045907,1.4633463385372343,0.3902763661887833,0.40042241032849085,1.0146044139707475,0.3917689638311154,0.4063370474991528,1.4568083668037315,7,0
56,6.291,0.37793775992850137,0.3925213989619523,1.4583639033450866,0.39182914179260525,0.4033401333152091,1.1510991522603926,0.38997644904620604,0.4050974256064969,1.5120976560290862,9,0
56,7.34,0.3814859884593069,0.394027347132898,1.2541358673591099,0.39123884545008497,0.4027610746741167,1.1522229224031735,0.39054535279840064,0.40465197655098106,1.4106623752580472,8,0
56,8.389,0.38295181787190474,0.3988378344787507,1.5886016606845932,0.3928007745143379,0.40778351077214714,1.4982736257809197,0.39571422118597477,0.40904406731789283,1.3329846131918037,7,1
56,9.437,0.3814670790843427,0.3884282438045119,0.6961164720169288,0.3933380962130506,0.3997690979856823,0.6431001772631628,0.39852087097724,0.40193455512874277,0.34136841515027894,6,0
56,10.486,0.3821951633309547,0.4002697594715934,1.8074596140638615,0.3924441200379497,0.4099662193374821,1.7522099299532372,0.3963607866646499,0.41001728221947864,1.3656495554828758,8,0
56,11.534,0.38453508732128133,0.39834031745716414,1.3805230135882836,0.39312917930866287,0.4079545948810491,1.4825415572386262,0.3987652451795272,0.4087242143890596,0.9958969209532342,7,1
56,12.583,0.3851931500231794,0.39299469480152593,0.780154477834655,0.39447556565408304,0.4058246119483709,1.1349046294287837,0.3981899145420198,0.40642744888848725,0.8237534346467436,7,0
56,13.631,0.38508855606091297,0.39607045322556556,1.0981897164652523,0.397122238557477,0.407593344294005,1.0471105736527904,0.39873186209922074,0.4094830194843855,1.0751157385164682,8,0
56,14.68,0.38880799963360335,0.39428846925525984,0.5480469621656562,0.3963616669956063,0.4091520417886934,1.279037479308709,0.40228489871581957,0.41068586405889995,0.8400965343080381,8,0
56,15.729,0.38799510526471437,0.3950667523285152,0.7071647063800729,0.39977215834312363,0.4097596069044088,0.9987448561285138,0.400047231574289,0.40920134157213484,0.915410999784587,10,0
56,16.777,0.3868657132069515,0.39787905010787583,1.1013336900924346,0.39609320112705704,0.4083079152678013,1.221471414074426,0.4034458879278321,0.4124723203598305,0.9026432431998417,8,0
56,17.826,0.38713041944368765,0.39890588988013514,1.1775470436447555,0.39972691310665237,0.4089392190908502,0.921230598419778,0.40075339524874953,0.4112171390463536,1.0463743797604028,8,0
56,18.874,0.3930328343822772,0.3971999507804635,0.4167116398186327,0.40586279231337824,0.41142049727056673,0.5557704957188434,0.4071605883350392,0.41305126133779824,0.5890673002759028,7,0
56,19.923,0.3895060737987347,0.40057295777071855,1.1066883971983883,0.403987554268319,0.4136157748697964,0.9628220601477377,0.406806380780111,0.4189225445663373,1.211616378622634,9,0
56,19.999,0.3899544171207593,0.4005469407354164,1.0592523614657083,0.404369988205907,0.41206946062524674,0.7699472419339655,0.40762937677908834,0.41897442532971596,1.134504855062767,9,0
143,1.049,0.35975267416742424,0.366703727175197,0.6951053007772806,0.3755438435647113,0.37790726814983255,0.2363424585121277,0.3739210164778466,0.3833444990140668,0.9423482536220176,6,0
143,2.097,0.3847114988702637,0.3870366857579986,0.23251868877348728,0.39164065642674983,0.39715862650929046,0.5517970082540596,0.3967271963860707,0.40363879735607844,0.6911600970007695,5,0
143,3.146,0.3913775568815775,0.39674498850733275,0.5367431625755315,0.4040343399292771,0.4129997778400704,0.8965437910793309,0.4063395555547392,0.41652248022724003,1.0182924672500793,6,0
143,4.194,0.39984678494716686,0.40334924873215827,0.35024637849913604,0.4076225691622358,0.4179129271331177,1.0290357970881832,0.41702638593564767,0.42693242999281933,0.990604405717163,5,0
143,5.243,0.40379418289664404,0.4066487009146658,0.28545180180217766,0.41104786870598564,0.41870583480604795,0.7657966100062328,0.4256911400642466,0.4369361781323222,1.1245038068075575,4,0
143,6.291,0.4016214049787078,0.40912527579831603,0.7503870819608224,0.4088385522701806,0.4248236479153057,1.5985095645125147,0.4262465429398742,0.4360821421883685,0.9835599248494317,7,0
143,7.34,0.4053101990593385,0.41514572183365495,0.9835522774316537,0.41515731654653526,0.42827897067577075,1.312165412923551,0.4300528558722405,0.44163667483055913,1.1583818958318615,9,0
143,8.389,0.4069162921614268,0.41915919398877327,1.2242901827346537,0.41959459240706665,0.42981000882586995,1.0215416418803331,0.4321356122686081,0.4473084753637019,1.5172863095093803,6,0
143,9.437,0.410912337742264,0.41742195605655974,0.6509618314295756,0.4231667425736054,0.42963390282827013,0.6467160254664652,0.4315208344603961,0.4459813450696187,1.4460510609222625,5,0
143,10.486,0.4083634354267865,0.42387542044119153,1.5511985014404959,0.4207807238496194,0.43675278511768323,1.5972061268063802,0.43319003791013405,0.4535143529013718,2.032431499123777,6,1
143,11.534,0.40775205198962006,0.41719814764613244,0.9446095656512423,0.41905464698303974,0.4295947499455209,1.054010296248115,0.43223605240072405,0.4470220198345776,1.4785967433853588,7,0
143,12.583,0.41171064099260385,0.41968152506846224,0.7970884075858455,0.42269572884083295,0.4312616432191926,0.8565914378359661,0.4378047354799085,0.45081009504678277,1.3005359566874266,5,0
143,13.631,0.4142849856068477,0.4198378882398755,0.5552902633027983,0.4276343685857493,0.43073625816336014,0.31018895776107,0.43776211637378803,0.4560183477601781,1.8256231386390036,5,0
143,14.68,0.4139226777034756,0.42130893995333246,0.7386262249856891,0.4275612524052438,0.4331344794362401,0.5573227030996305,0.43545993268132843,0.45301406881968453,1.755413613835615,6,0
143,15.729,0.4162081427824864,0.4241857195964995,0.7977576814013021,0.4308195721735729,0.4329581904167911,0.2138618243218282,0.4441415335267056,0.45584159414915937,1.1700060622453794,7,0
143,16.777,0.41289431846303726,0.4226716819602652,0.9777363497227928,0.42205544079549123,0.4371073990119726,1.5051958216481287,0.43562553315425023,0.4550109593332675,1.9385426179017298,6,0
143,17.826,0.41679096630736456,0.4222944689832163,0.550350267585168,0.42777926409079614,0.43408976261224985,0.6310498521453697,0.4376542255564976,0.4525661130310572,1.4911887474559649,5,0
143,18.874,0.42104363457524324,0.4266093765210538,0.5565741945810538,0.43164667054531414,0.4401529973345082,0.850632678919399,0.44649645832297313,0.4627044514701957,1.6207993147222552,5,0
143,19.923,0.422514116121486,0.4277482826868929,0.5234166565406839,0.4327965370402814,0.43916946702857373,0.6372929988292397,0.44803019777402564,0.46565423686820623,1.762403909418056,6,0
143,19.999,0.42342877027388093,0.4273563565225942,0.3927586248713225,0.43277636825349164,0.4402948484130393,0.7518480159547625,0.4490253968368379,0.46481914008353376,1.57937432466959,4,0
263,1.049,0.37345802327982336,0.37266449208324437,-0.07935311965790477,0.3863508499167084,0.38751415638789716,0.11633064711887849,0.3831344833827125,0.3907676688546396,0.7633185471927053,5,0
263,2.097,0.3899164228948953,0.3981028387065894,0.8186415811694131,0.3979609803314092,0.4080304178904447,1.00694375590355,0.4063044370562945,0.42001659522907564,1.3712158172781177,5,0
263,3.146,0.40774228058157913,0.40863865389984466,0.0896373318265515,0.4182205741347763,0.41912586162599014,0.09052874912137943,0.42795995219259275,0.43543468132403734,0.7474729131444634,6,0
263,4.194,0.4084414089241154,0.421935618779138,1.3494209855022599,0.4183487774024982,0.4312923503462397,1.2943572943741524,0.4316259925802399,0.4491288671532028,1.7502874572962903,8,0
263,5.243,0.41396060436668236,0.42527995853570355,1.1319354169021167,0.42683402585712765,0.43592186870973626,0.9087842852608603,0.4406190272371494,0.4608368950784576,2.02178678413083,6,0
263,7.34,0.4188323220442851,0.43110999388280336,1.2277671838518271,0.43199078659341283,0.4377406416892584,0.5749855095845541,0.44290316566228016,0.46284671196295846,1.9943546300678268,7,0
263,8.389,0.42177024878533553,0.43340890317891284,1.163865439357735,0.4335536271730886,0.44291120884105756,0.935758166796899,0.4472066204192757,0.46760562283333496,2.039900241405923,5,0
263,9.437,0.424308436115845,0.43269826623817015,0.8389830122325129,0.4375332127650652,0.44583647132191606,0.830325855685085,0.4468975079552661,0.46307478406825653,1.617727611299044,5,0
263,10.486,0.4257612420314493,0.43730937898095135,1.1548136949502015,0.4393729111155055,0.4508665954165318,1.1493684301026215,0.4544211654501565,0.4706308783832577,1.620971293310117,7,0
263,11.534,0.4295951484018648,0.4357367191839939,0.6141570782129189,0.43633155196654927,0.4477207208278379,1.138916886128865,0.4573695229151414,0.4683301211068154,1.096059819167404,7,0
263,12.583,0.4323550199489025,0.439462721137675,0.7107701188772511,0.43677555626853887,0.44782097501771523,1.1045418749176332,0.4676021919479052,0.4761668171572188,0.8564625209313615,5,0
263,13.631,0.43509333572081443,0.43912725567707556,0.4033919956261208,0.4472991852840559,0.4503714255924935,0.3072240308437662,0.46412466653942,0.47719712503761247,1.3072458498192439,3,0
263,14.68,0.43199797033740506,0.4425260645460288,1.052809420862367,0.44015815223012805,0.45428947021318483,1.413131798305673,0.4637011780565183,0.4760357193892095,1.2334541332691171,7,0
263,15.729,0.43365979926437614,0.44191249109153247,0.8252691827156345,0.44192466565480587,0.4494403645826498,0.7515698927843925,0.4645601319448364,0.4781355841993947,1.3575452254558265,4,0
263,16.777,0.4317566566102843,0.43968748149467407,0.7930824884389727,0.4381951588148584,0.4550848938046296,1.6889734989771175,0.4611506798529411,0.476355019600201,1.5204339747259779,5,0
263,17.826,0.43386810884121996,0.43802584158201957,0.4157732740799661,0.4385904266316233,0.4493363080622263,1.074588143060303,0.4653842402287464,0.47044423987969947,0.5059999650953064,5,0
263,18.874,0.43855375478083786,0.447280178643516,0.8726423862678159,0.44901250089192707,0.4569049064189585,0.7892405527031441,0.4710872959870583,0.4846565095155738,1.3569213528515562,6,0
263,19.923,0.4383521165774608,0.44795528443382093,0.9603167856360066,0.4496906062998896,0.45880678435719774,0.9116178057308082,0.4764794702762998,0.48650825427490674,1.0028783998606963,7,0
263,19.999,0.439591030875114,0.4481258541031924,0.8534823228078278,0.45071429813048913,0.45974138849308466,0.9027090362595471,0.4769226823445537,0.48717005888777043,1.0247376543216682,6,0
469,1.049,0.37876719629434347,0.3823557592759702,0.3588562981626755,0.38633067096472806,0.3905958747665135,0.4265203801785408,0.3891565460851046,0.4012810010881555,1.2124455003050931,7,1
469,2.097,0.4027527354072914,0.4042531655449763,0.15004301376849488,0.40878621684193855,0.4145534696462886,0.5767252804350085,0.42102383327225235,0.43116354758575115,1.0139714313498795,3,0
469,3.146,0.4082564310948724,0.4270091053686452,1.875267427377286,0.4205135419563053,0.43652328308882427,1.6009741132518915,0.4366452602590374,0.4518798922603118,1.5234632001274437,7,0
469,4.194,0.417147823899242,0.4283566802758411,1.1208856376599143,0.42476892102867525,0.43795632699038556,1.3187405961710317,0.4413186851641563,0.4620156222768376,2.069693711268136,6,0
469,5.243,0.4178131762256134,0.4340223185082966,1.6209142282683142,0.43283148905063956,0.44409669675758456,1.1265207706945044,0.44608102146773404,0.47249988944482035,2.64188679770863,8,0
469,6.291,0.42517091378124594,0.44347388515310565,1.8302971371859762,0.43409291867493244,0.45066933506927426,1.6576416394341904,0.457224601246525,0.47805535693221507,2.083075568569005,7,0
469,7.34,0.42294701462277146,0.43985290449822045,1.6905889875449067,0.4377489803724874,0.4550472120971546,1.7298231724667155,0.4547601948900676,0.4827750358766804,2.801484098661287,6,0
469,8.389,0.4295031338471304,0.4466745437954815,1.7171409948351168,0.4402743773226371,0.45707416545689633,1.6799788134259341,0.46035341600953716,0.4891549486739808,2.8801532664443545,7,0
469,9.437,0.43405880120285706,0.44561898718872994,1.1560185985872962,0.4487397539717439,0.4590108392541474,1.0271085282403463,0.4635685547395518,0.4801949525009016,1.662639776134986,7,0
469,10.486,0.43800492787440143,0.44899341518174085,1.0988487307339434,0.44742661428466424,0.4629733405848495,1.5546726300185347,0.46786962319463304,0.49019847678557793,2.2328853590944915,6,0
469,11.534,0.4345560970158032,0.44695528875967094,1.2399191743867692,0.4462772479102224,0.4595372554363008,1.326000752607841,0.4731775030773438,0.48995123170326094,1.6773728625917177,7,0
469,12.583,0.44065256745076375,0.4561577749894349,1.5505207538671102,0.4513906342954055,0.46846580385122555,1.707516955582007,0.4758940356586969,0.49882726527263477,2.2933229613937813,6,0
469,13.631,0.4477180729623512,0.450479261285256,0.2761188322904731,0.4644552817297763,0.461130982264838,-0.3324299464938255,0.4812976494761674,0.4932685466781055,1.1970897201938087,4,1
469,14.68,0.44738416728460983,0.4550958164394402,0.7711649154830423,0.4546677745887336,0.4680304238409926,1.3362649252258945,0.47851906100512714,0.4968140419137491,1.8294980908621983,4,1
469,15.729,0.44601852355926985,0.4600075140496678,1.3988990490397883,0.4570235816155638,0.4677391310800493,1.0715549464485605,0.4808141172327345,0.5035440958194535,2.272997858671899,7,0
469,16.777,0.44524350191730794,0.4540930599533738,0.8849558036065804,0.4564961064847773,0.46788117394442075,1.13850674596436,0.48523404000319814,0.5001886884541586,1.4954648450960533,5,1
469,17.826,0.4471154854541671,0.45564661287424935,0.8531127420082127,0.4575618056737521,0.46628268610458345,0.8720880430831368,0.4835607878062068,0.5002646562303561,1.6703868424149255,6,0
469,18.874,0.44983618190850666,0.45991083401066957,1.007465210216288,0.4631994238895817,0.4722245873314511,0.9025163441869445,0.48745636887672594,0.5054030381865726,1.7946669309846648,8,0
469,19.923,0.45592618579457583,0.46430985373723316,0.8383667942657365,0.46674697797995346,0.4774444150110216,1.0697437031068113,0.49343641845693514,0.5128126064643566,1.937618800742132,6,0
469,19.999,0.45513816811653596,0.4654211124791292,1.0282944362593358,0.46596862649680243,0.4782659818519718,1.2297355355169333,0.49263855537764134,0.5137859723775754,2.114741699993407,6,0
803,1.049,0.3812833666792443,0.3856379795574272,0.4354612878182909,0.3868452648019675,0.3970111012646476,1.0165836462680056,0.3954378739934375,0.40366865290202913,0.8230778908591626,5,1
803,2.097,0.40578384213726393,0.4121801120543956,0.6396269917131685,0.41556041511027286,0.42172621966540624,0.6165804555133445,0.42546184582066005,0.44024644916965044,1.4784603348990388,5,0
803,3.146,0.41955721333888657,0.4289043576725513,0.9347144333664789,0.4315934576559958,0.44130721180634314,0.9713754150347385,0.44785324490007183,0.46242369308134174,1.4570448181269886,7,0
803,4.194,0.42724565726135627,0.4327201145310865,0.5474457269730258,0.4325424993971181,0.44293655617929967,1.0394056782181609,0.45360616227125433,0.47174846475678,1.8142302485525619,5,0
803,5.243,0.43711052737500455,0.44521998766777016,0.8109460292765425,0.44574213239960114,0.4552414322185216,0.9499299818920447,0.46537528564494723,0.48749293526067405,2.2117649615726807,5,0
803,6.291,0.4370124188118026,0.4472638113131241,1.0251392501321501,0.44676023372327006,0.45828672256295916,1.1526488839689084,0.4733887256255061,0.4902518884151873,1.6863162789681252,5,0
803,7.34,0.4427877190750281,0.4507908001426248,0.8003081067596607,0.45055849779201046,0.46898197491435534,1.8423477122344896,0.4761343731861502,0.4946957086509225,1.8561335464772317,5,0
803,8.389,0.44746189238931383,0.4564457827736336,0.8983890384319769,0.4558912349526941,0.4723703380371167,1.6479103084422593,0.4854716920716099,0.5025307096448135,1.7059017573203663,6,0
803,9.437,0.4490426348796265,0.4519912220156733,0.29485871360467647,0.46314672628182796,0.4704714222779744,0.7324695996146355,0.48890108524063414,0.4987238517476811,0.9822766507046955,5,0
803,10.486,0.45211588967671856,0.45787883907995297,0.5762949403234482,0.4641047871514335,0.47353081677903514,0.9426029627601631,0.49072158629099083,0.5065703476454053,1.5848761354414487,4,0
803,11.534,0.45096065730306256,0.4533367004821799,0.23760431791174158,0.45892304263507333,0.471236157723535,1.2313115088461637,0.48960032673125053,0.5058858578438488,1.6285531112598228,4,0
803,12.583,0.4565225629898901,0.4590519122083575,0.25293492184673294,0.4650472079796213,0.47917550912521756,1.412830114559627,0.49330354655402703,0.5122146371570787,1.8911090603051681,3,0
803,13.631,0.458555639174078,0.4575101228577278,-0.10455163163501424,0.47118342355862397,0.4760155097798817,0.4832086221257736,0.5018684222271093,0.5086398134972812,0.677139127017194,3,0
803,14.68,0.4544591791132467,0.4603664347717339,0.5907255658487163,0.46940452754380235,0.4756627735131399,0.6258245969337548,0.49530950776326266,0.5100093324754569,1.4699824712194276,5,0
803,15.729,0.46067879716450266,0.46325332309788936,0.25745259333866366,0.47338199724600416,0.47722606215547314,0.3844064909469017,0.5022678451096197,0.5139764037477889,1.170855863816919,5,0
803,16.777,0.4527345442895882,0.46431554821143406,1.1581003921845852,0.4713623302373876,0.4788073946087018,0.7445064371314316,0.497781289347207,0.5175316035043023,1.9750314157095399,6,0
803,17.826,0.45741400552580613,0.4678201069422655,1.0406101416459335,0.46855837435145364,0.47928169645800595,1.0723322106552298,0.5020893854404993,0.5177346236969653,1.5645238256466103,6,0
803,18.35,0.4595367728973231,0.47073549600853515,1.119872311121202,0.47082939028181503,0.4881089983259804,1.7279608044165395,0.5019405230513991,0.5255032656982987,2.3562742646899597,5,0
803,18.874,0.4630500721267226,0.4689037768603928,0.5853704733670229,0.47438589943881837,0.4843166201102598,0.9930720671441373,0.5074228499640613,0.5229193361985123,1.5496486234450937,6,0
803,19.923,0.46678470315019915,0.47533412605175995,0.8549422901560704,0.4788708967202833,0.4895264845937713,1.0655587873487995,0.5137453825682402,0.5299934703379601,1.6248087769719852,5,0
803,19.999,0.46599533836643675,0.47442177226706306,0.842643390062619,0.47913296194447375,0.48923267325766595,1.0099711313192157,0.5126746866167171,0.529388743792876,1.6714057176158952,5,0
